{
  "project_info": {
    "project_number": "87817737880",
    "project_id": "market-84de6",
    "storage_bucket": "market-84de6.appspot.com"
  },
  "client": [
    {
      "client_info": {
        "mobilesdk_app_id": "1:87817737880:android:d32e064f31b8a20f11a2ed",
        "android_client_info": {
          "package_name": "com.example.marketproject"
        }
      },
      "oauth_client": [
        {
          "client_id": "87817737880-tgf3kkv2n3khmov3mr0fe3cmlucfb6me.apps.googleusercontent.com",
          "client_type": 1,
          "android_info": {
            "package_name": "com.example.marketproject",
            "certificate_hash": "e365f03b795369193ae0c9d7539eaedd10f52ddc"
          }
        },
        {
          "client_id": "87817737880-1enalquhip42qmenm57u1s3jlrp60g3a.apps.googleusercontent.com",
          "client_type": 3
        }
      ],
      "api_key": [
        {
          "current_key": "AIzaSyCGNhQp3TPARWHpSuoy2bJ8O38lCdFAi9U"
        }
      ],
      "services": {
        "appinvite_service": {
          "other_platform_oauth_client": [
            {
              "client_id": "87817737880-1enalquhip42qmenm57u1s3jlrp60g3a.apps.googleusercontent.com",
              "client_type": 3
            }
          ]
        }
      }
    }
  ],
  "configuration_version": "1"
}